{
  "assetsByChunkName": {
    "vendors~app-account~app-confirmation~app-order": "chunk.406936ce3c4e9c4e49bd.js",
    "vendors~app-account~app-checkout": "chunk.6f4782a6734575c78059.js",
    "vendors~app-cart~app-checkout": "chunk.629243e0e1aee4f6968e.js",
    "admin": [
      "admin.05a1c12b972f90f6b317.js",
      "admin.05a1c12b972f90f6b317.js.map"
    ],
    "app-account": "chunk.4f66f5c6d6d035f77d4e.js",
    "app-checkout": "chunk.aa0ac058e2f81fe952fe.js",
    "app-confirmation": "chunk.17e0dae1d71c20ab8601.js",
    "checkout": [
      "checkout.80e824b8960e3904915c.js",
      "checkout.80e824b8960e3904915c.js.map"
    ],
    "storefront": [
      "storefront.d94cc3b333850c0b8b36.css",
      "storefront.13f01dfe39f20148435d.js",
      "storefront.d94cc3b333850c0b8b36.css.map",
      "storefront.13f01dfe39f20148435d.js.map"
    ],
    "vendors~app-cart": "chunk.49d4cb95e1bcc442a3ef.js",
    "vendors~app-order": "chunk.6ab19b89b9af2a3237ee.js"
  }
}