{
  "description": {
    "title": "VaporStore -  Os melhores vaporizadores, pronta entrega - BRASIL",
    "text": "Loja especializada em vaporizadores para ervas secas, óleos e acessórios. Revenda Autorizada Arizer, Dynavap, Storz & Bickel e XVape. Aceitamos Crypto (usdT), cartão, pix e boleto."
  },
  "links_1": {
    "list_pages": true,
    "title": "Informações",
    "list": []
  },
  "links_2": {
    "list_categories": false,
    "title": "",
    "list": []
  },
  "contacts": {
    "title": "",
    "phone_wpp": false,
    "socials": false,
    "email": false,
    "address": true
  },
  "stamps": [],
  "payment_methods": {
    "bb": false,
    "visa": true,
    "boleto": true,
    "aura": false,
    "banrisul": false,
    "elo": true,
    "hipercard": true,
    "hsbc": false,
    "bradesco": false,
    "santander": false,
    "mastercard": true,
    "citibank": false,
    "diners": true,
    "mais": false,
    "pix": true,
    "amex": true,
    "itau": false
  },
  "credits": "VaporStore - © 2025 Todos os direitos reservados"
}