{
  "marketing_stripe": {
    "text": "",
    "link": ""
  },
  "contacts_stripe": {
    "pages": [],
    "phone_wpp": false,
    "socials": false
  },
  "categories_list": {
    "featured": [
      "/vaporizadores/?Aparelhos",
      "/acessorios/?Acessorios",
      "/trituradores?Trituradores",
      "/baterias-vaporizadores-18650-18350-26650?Baterias",
      "/carregador-baterias-vaporizador?Carregadores"
    ],
    "random": 0,
    "full_width": true
  },
  "search_input": true,
  "popup": ""
}
