{
  "meta_title": "VaporStore -  Os melhores vaporizadores de ervas secas e concentrados!",
  "meta_description": "Tudo pronta-entrega! Pague com crypto, cartão pix e boleto! Revenda autorizada Arizer, Xvape / Xmax, Dynavap e Storz & Bickel. 90 dias de garantia!",
  "sections": [
    {
      "type": "banner-slider",
      "autoplay": 5000,
      "full_width": false,
      "slides": [
        {
          "start": "",
          "end": "",
          "img": "/img/uploads/a-unica-com-90-dias-de-garantia.png"
        },
        {
          "start": "",
          "end": "",
          "img": "/img/uploads/banner-10-frete-gratis.png"
        }
      ]
    },
    {
      "autoplay": 5000,
      "page": 1,
      "title": "Vaporizadores / Bubbler",
      "shuffle": true,
      "headless": false,
      "type": "collection-shelf",
      "link": "",
      "limit": 24,
      "collection_id": "6012679ad6981740b49baa9e:categories:Aparelhos:/vaporizadores/",
      "sort": "slug"
    },
    {
      "type": "collection-shelf",
      "shuffle": true,
      "limit": 24,
      "page": 1,
      "collection_id": "60126784d6981740b49baa70:brands:Arizer :/marca/aparelhos-arizer",
      "sort": "lowest_price",
      "title": "Acessórios Arizer",
      "autoplay": 5000
    },
    {
      "autoplay": 5000,
      "page": 1,
      "title": "Acessórios XVape / Xmax / XLux",
      "shuffle": true,
      "headless": false,
      "type": "collection-shelf",
      "limit": 24,
      "collection_id": "60126798d6981740b49baa9c:brands:Xmax:/marca/aparelhos-xmax",
      "sort": "highest_price"
    },
    {
      "type": "collection-shelf",
      "shuffle": true,
      "limit": 24,
      "page": "",
      "collection_id": "60126786d6981740b49baa74:brands:Davinci:/marca/davinci",
      "sort": "lowest_price",
      "title": "Acessórios Davinci"
    },
    {
      "type": "collection-shelf",
      "shuffle": true,
      "limit": 24,
      "page": 1,
      "collection_id": "6012678cd6981740b49baa82:brands:Storz e Bickel:/marca/storz-bickel",
      "sort": "lowest_price",
      "title": "Acessórios Storz & Bickel"
    },
    {
      "type": "collection-shelf",
      "shuffle": true,
      "limit": 24,
      "page": 1,
      "collection_id": "60126785d6981740b49baa72:brands:Boundless:/marca/boundless",
      "sort": "lowest_price",
      "title": "Acessórios Boundless"
    },
    {
      "type": "collection-shelf",
      "shuffle": true,
      "limit": 24,
      "page": 1,
      "collection_id": "6012678bd6981740b49baa7f:brands:Pax:/marca/pax-by-ploom",
      "sort": "lowest_price",
      "title": "Acessórios Pax",
      "autoplay": 5000
    },
    {
      "type": "collection-shelf",
      "shuffle": true,
      "limit": 24,
      "page": 1,
      "collection_id": "6012678ed6981740b49baa86:brands:Linx:/marca/linx-aparelhos",
      "sort": "slug",
      "title": "Acessórios Linx",
      "autoplay": 5000
    },
    {
      "type": "collection-shelf",
      "shuffle": false,
      "limit": 2,
      "page": 1,
      "collection_id": "612f83411250e82405c63c46:brands:YOCAN:/yocan",
      "sort": "slug",
      "link": "Yocan",
      "autoplay": 5000
    }
  ]
}