{
  "sections": [
    {
      "type": "banner-slider",
      "autoplay": 0,
      "full_width": false,
      "slides": []
    },
    {
      "type": "responsive-banner",
      "img": "/img/uploads/banner-10-frete-gratis.png"
    },
    {
      "type": "breadcrumbs",
      "enabled": true
    },
    {
      "type": "product-block",
      "enabled": true
    },
    {
      "type": "product-description",
      "enabled": true
    },
    {
      "type": "related-products",
      "title": "Relacionados"
    }
  ]
}